{"lr": 0.00997794446709763, "data_time": 0.003500628471374512, "loss": 0.02745088334195316, "decode.loss_ce": 0.01955356979742646, "decode.acc_seg": 100.0, "aux.loss_ce": 0.007897313544526696, "aux.acc_seg": 100.0, "time": 0.6974410772323608, "step": 100}
{"lr": 0.009955660594668054, "data_time": 0.003840923309326172, "loss": 0.03056101743131876, "decode.loss_ce": 0.02192795034497976, "decode.acc_seg": 100.0, "aux.loss_ce": 0.008633066574111581, "aux.acc_seg": 100.0, "time": 0.7024134635925293, "step": 200}
{"lr": 0.009933371122565919, "data_time": 0.003512120246887207, "loss": 0.02244295133277774, "decode.loss_ce": 0.014737373169919011, "decode.acc_seg": 97.45366668701172, "aux.loss_ce": 0.0077055778587237, "aux.acc_seg": 96.02400970458984, "time": 0.7042479753494263, "step": 300}
{"lr": 0.009911076035273796, "data_time": 0.0037343502044677734, "loss": 0.022697026655077935, "decode.loss_ce": 0.015558151144068689, "decode.acc_seg": 99.9524917602539, "aux.loss_ce": 0.007138874661177397, "aux.acc_seg": 100.0, "time": 0.708715295791626, "step": 400}
{"aAcc": 98.87, "mIoU": 74.85, "mAcc": 82.73, "step": 400}
{"lr": 0.0098887753171919, "data_time": 0.0035254955291748047, "loss": 0.029353431667550466, "decode.loss_ce": 0.019773516715213192, "decode.acc_seg": 99.73029327392578, "aux.loss_ce": 0.009579914378991815, "aux.acc_seg": 100.0, "time": 0.7089323997497559, "step": 500}
{"lr": 0.009866468952637547, "data_time": 0.0035317659378051756, "loss": 0.013895611884072423, "decode.loss_ce": 0.009457577241118998, "decode.acc_seg": 99.86256408691406, "aux.loss_ce": 0.004438034875784069, "aux.acc_seg": 99.86256408691406, "time": 0.7093466520309448, "step": 600}
{"lr": 0.009844156925844432, "data_time": 0.003492259979248047, "loss": 0.009154709614813327, "decode.loss_ce": 0.006002800926216878, "decode.acc_seg": 99.4006576538086, "aux.loss_ce": 0.0031519086769549176, "aux.acc_seg": 99.4006576538086, "time": 0.7133765935897827, "step": 700}
{"lr": 0.009821839220962003, "data_time": 0.0035451412200927734, "loss": 0.04408265380188823, "decode.loss_ce": 0.03370064946357161, "decode.acc_seg": 94.67739868164062, "aux.loss_ce": 0.010382003185804933, "aux.acc_seg": 95.03495025634766, "time": 0.7116680860519409, "step": 800}
{"aAcc": 96.45, "mIoU": 63.09, "mAcc": 90.81, "step": 800}
{"lr": 0.009799515822054777, "data_time": 0.003538656234741211, "loss": 0.017206660564988853, "decode.loss_ce": 0.011730207793880254, "decode.acc_seg": 99.02151489257812, "aux.loss_ce": 0.00547645270708017, "aux.acc_seg": 99.00468444824219, "time": 0.7148200750350953, "step": 900}
{"lr": 0.00977718671310168, "data_time": 0.0037084341049194334, "loss": 0.009426648879889398, "decode.loss_ce": 0.006717682152520865, "decode.acc_seg": 99.41651916503906, "aux.loss_ce": 0.002708966717182193, "aux.acc_seg": 99.42176818847656, "time": 0.7112882375717163, "step": 1000}
{"lr": 0.009754851877995354, "data_time": 0.003476858139038086, "loss": 0.015677874605171383, "decode.loss_ce": 0.011653809330891819, "decode.acc_seg": 100.0, "aux.loss_ce": 0.004024065425619483, "aux.acc_seg": 100.0, "time": 0.706604290008545, "step": 1100}
{"lr": 0.009732511300541468, "data_time": 0.0034586429595947266, "loss": 0.0031926447933074086, "decode.loss_ce": 0.0020000309974420815, "decode.acc_seg": 100.0, "aux.loss_ce": 0.0011926137663976987, "aux.acc_seg": 100.0, "time": 0.706283450126648, "step": 1200}
{"aAcc": 99.46, "mIoU": 84.64, "mAcc": 85.59, "step": 1200}
