{"lr": 0.009997995177323568, "data_time": 0.008031558990478516, "loss": 0.059988313168287274, "decode.loss_ce": 0.04995565405115485, "decode.acc_seg": 97.74590301513672, "aux.loss_ce": 0.010032659163698554, "aux.acc_seg": 96.7213134765625, "time": 1.1339038610458374, "step": 10}
{"lr": 0.00999576754365263, "data_time": 0.0075350522994995115, "loss": 0.008969489112496376, "decode.loss_ce": 0.003559951577335596, "decode.acc_seg": 100.0, "aux.loss_ce": 0.00540953753516078, "aux.acc_seg": 100.0, "time": 1.1406728506088257, "step": 20}
{"lr": 0.00999353985426229, "data_time": 0.006373786926269531, "loss": 0.002866947092115879, "decode.loss_ce": 0.00042146691121160986, "decode.acc_seg": 100.0, "aux.loss_ce": 0.002445480157621205, "aux.acc_seg": 100.0, "time": 1.159906840324402, "step": 30}
{"lr": 0.009991312109137215, "data_time": 0.008983707427978516, "loss": 0.001476858026580885, "decode.loss_ce": 0.00015124886303965467, "decode.acc_seg": 100.0, "aux.loss_ce": 0.0013256091740913689, "aux.acc_seg": 100.0, "time": 1.1145952939987183, "step": 40}
{"lr": 0.009989084308262066, "data_time": 0.006415796279907226, "loss": 0.0011469110904727131, "decode.loss_ce": 0.00015996044676285236, "decode.acc_seg": 100.0, "aux.loss_ce": 0.0009869506466202438, "aux.acc_seg": 100.0, "time": 1.0584020376205445, "step": 50}
{"aAcc": 100.0, "mIoU": 100.0, "mAcc": 100.0, "step": 50}
{"lr": 0.009986856451621492, "data_time": 0.007163453102111817, "loss": 0.0008153271744959056, "decode.loss_ce": 0.00012199806951684877, "decode.acc_seg": 100.0, "aux.loss_ce": 0.0006933291035238654, "aux.acc_seg": 100.0, "time": 1.0669804811477661, "step": 60}
{"lr": 0.009984628539200133, "data_time": 0.005933141708374024, "loss": 0.0007356341346167028, "decode.loss_ce": 0.0001212912753544515, "decode.acc_seg": 100.0, "aux.loss_ce": 0.0006143428676296025, "aux.acc_seg": 100.0, "time": 1.0897051572799683, "step": 70}
{"lr": 0.00998240057098262, "data_time": 0.0059690713882446286, "loss": 0.0005820517078973352, "decode.loss_ce": 8.190805892809294e-05, "decode.acc_seg": 100.0, "aux.loss_ce": 0.0005001436453312636, "aux.acc_seg": 100.0, "time": 1.0875412225723267, "step": 80}
{"lr": 0.009980172546953579, "data_time": 0.006936192512512207, "loss": 0.0006834119179984554, "decode.loss_ce": 0.00013575079501606523, "decode.acc_seg": 100.0, "aux.loss_ce": 0.0005476611229823902, "aux.acc_seg": 100.0, "time": 1.0719331502914429, "step": 90}
{"lr": 0.00997794446709763, "data_time": 0.007600569725036621, "loss": 0.0005506307614268735, "decode.loss_ce": 0.00012754918352584355, "decode.acc_seg": 100.0, "aux.loss_ce": 0.0004230815771734342, "aux.acc_seg": 100.0, "time": 1.0970947027206421, "step": 100}
{"aAcc": 100.0, "mIoU": 100.0, "mAcc": 100.0, "step": 100}
{"lr": 0.009975716331399381, "data_time": 0.00727541446685791, "loss": 0.0004709252272732556, "decode.loss_ce": 0.00010193756716034841, "decode.acc_seg": 100.0, "aux.loss_ce": 0.00036898765538353475, "aux.acc_seg": 100.0, "time": 1.0958844661712646, "step": 110}
{"lr": 0.009973488139843433, "data_time": 0.009258866310119629, "loss": 0.0004928459005896002, "decode.loss_ce": 0.00010964404500555248, "decode.acc_seg": 100.0, "aux.loss_ce": 0.00038320185558404773, "aux.acc_seg": 100.0, "time": 1.1036625862121583, "step": 120}
{"lr": 0.009971259892414373, "data_time": 0.007769083976745606, "loss": 0.0004129252367420122, "decode.loss_ce": 7.58571548431064e-05, "decode.acc_seg": 100.0, "aux.loss_ce": 0.0003370680788066238, "aux.acc_seg": 100.0, "time": 1.1288781881332397, "step": 130}
{"lr": 0.009969031589096794, "data_time": 0.008617091178894042, "loss": 0.00039895045920275153, "decode.loss_ce": 8.727589920454193e-05, "decode.acc_seg": 100.0, "aux.loss_ce": 0.00031167456763796507, "aux.acc_seg": 100.0, "time": 1.2567912817001343, "step": 140}
{"lr": 0.009966803229875268, "data_time": 0.008414840698242188, "loss": 0.0004207956953905523, "decode.loss_ce": 9.087238140637055e-05, "decode.acc_seg": 100.0, "aux.loss_ce": 0.00032992331689456477, "aux.acc_seg": 100.0, "time": 1.1455313205718993, "step": 150}
{"aAcc": 100.0, "mIoU": 100.0, "mAcc": 100.0, "step": 150}
{"lr": 0.009964574814734365, "data_time": 0.0065353155136108395, "loss": 0.0003646603174274787, "decode.loss_ce": 8.657151456645807e-05, "decode.acc_seg": 100.0, "aux.loss_ce": 0.0002780888011329807, "aux.acc_seg": 100.0, "time": 1.0856827735900878, "step": 160}
{"lr": 0.009962346343658644, "data_time": 0.006466865539550781, "loss": 0.0003076281427638605, "decode.loss_ce": 7.567932407255284e-05, "decode.acc_seg": 100.0, "aux.loss_ce": 0.00023194881796371192, "aux.acc_seg": 100.0, "time": 1.0788022518157958, "step": 170}
{"lr": 0.009960117816632657, "data_time": 0.007837057113647461, "loss": 0.0003328626131406054, "decode.loss_ce": 8.350162279384677e-05, "decode.acc_seg": 100.0, "aux.loss_ce": 0.0002493609878001735, "aux.acc_seg": 100.0, "time": 1.104354977607727, "step": 180}
{"lr": 0.009957889233640951, "data_time": 0.006878304481506348, "loss": 0.000408989712013863, "decode.loss_ce": 0.00013177508590160868, "decode.acc_seg": 99.99999237060547, "aux.loss_ce": 0.00027721462392946703, "aux.acc_seg": 99.99999237060547, "time": 1.1303587913513184, "step": 190}
{"lr": 0.009955660594668054, "data_time": 0.008406782150268554, "loss": 0.00027488144114613534, "decode.loss_ce": 6.736104405717925e-05, "decode.acc_seg": 100.0, "aux.loss_ce": 0.00020752039417857305, "aux.acc_seg": 100.0, "time": 1.1233909130096436, "step": 200}
{"aAcc": 100.0, "mIoU": 100.0, "mAcc": 100.0, "step": 200}
{"lr": 0.009953431899698504, "data_time": 0.006327986717224121, "loss": 0.0002806101809255779, "decode.loss_ce": 5.4075851221568885e-05, "decode.acc_seg": 100.0, "aux.loss_ce": 0.0002265343311592005, "aux.acc_seg": 100.0, "time": 1.106971549987793, "step": 210}
{"lr": 0.009951203148716815, "data_time": 0.008146190643310547, "loss": 0.0002906684982008301, "decode.loss_ce": 7.487697985197883e-05, "decode.acc_seg": 100.0, "aux.loss_ce": 0.0002157915194402449, "aux.acc_seg": 100.0, "time": 1.113339114189148, "step": 220}
{"lr": 0.009948974341707497, "data_time": 0.008401012420654297, "loss": 0.00029869001446058974, "decode.loss_ce": 8.413467476202641e-05, "decode.acc_seg": 99.99999237060547, "aux.loss_ce": 0.00021455533860716968, "aux.acc_seg": 99.99999237060547, "time": 1.1107174634933472, "step": 230}
{"lr": 0.009946745478655051, "data_time": 0.00783865451812744, "loss": 0.0002737317729042843, "decode.loss_ce": 8.455747592961416e-05, "decode.acc_seg": 100.0, "aux.loss_ce": 0.00018917429551947861, "aux.acc_seg": 100.0, "time": 1.091546893119812, "step": 240}
{"lr": 0.00994451655954398, "data_time": 0.00818181037902832, "loss": 0.000312304895487614, "decode.loss_ce": 9.542492662149016e-05, "decode.acc_seg": 100.0, "aux.loss_ce": 0.00021687996631953866, "aux.acc_seg": 100.0, "time": 1.0812099695205688, "step": 250}
{"aAcc": 100.0, "mIoU": 100.0, "mAcc": 100.0, "step": 250}
{"lr": 0.009942287584358764, "data_time": 0.007461094856262207, "loss": 0.0002248405056889169, "decode.loss_ce": 6.302003112068633e-05, "decode.acc_seg": 100.0, "aux.loss_ce": 0.00016182047911570408, "aux.acc_seg": 100.0, "time": 1.1206614017486571, "step": 260}
{"lr": 0.00994005855308388, "data_time": 0.007642889022827148, "loss": 0.0002727010505623184, "decode.loss_ce": 8.207813516492024e-05, "decode.acc_seg": 100.0, "aux.loss_ce": 0.00019062291248701514, "aux.acc_seg": 100.0, "time": 1.1068347215652465, "step": 270}
{"lr": 0.009937829465703808, "data_time": 0.00835402011871338, "loss": 0.00022569574939552696, "decode.loss_ce": 6.538739798997995e-05, "decode.acc_seg": 100.0, "aux.loss_ce": 0.00016030835249694064, "aux.acc_seg": 100.0, "time": 1.1054784536361695, "step": 280}
{"lr": 0.009935600322203001, "data_time": 0.005919241905212402, "loss": 0.00023626535985386, "decode.loss_ce": 6.353614571708022e-05, "decode.acc_seg": 100.0, "aux.loss_ce": 0.0001727292161376681, "aux.acc_seg": 100.0, "time": 1.1161540746688843, "step": 290}
{"lr": 0.009933371122565919,