{"lr": 0.00997794446709763, "data_time": 0.004144191741943359, "loss": 0.1758571809157729, "decode.loss_ce": 0.13733260091394187, "decode.acc_seg": 100.0, "aux.loss_ce": 0.03852457795292139, "aux.acc_seg": 100.0, "time": 0.06699855327606201, "step": 100}
{"lr": 0.009955660594668054, "data_time": 0.0032472133636474608, "loss": 0.11765762623399496, "decode.loss_ce": 0.08577042706310749, "decode.acc_seg": 100.0, "aux.loss_ce": 0.03188719851896167, "aux.acc_seg": 100.0, "time": 0.0656444787979126, "step": 200}
{"lr": 0.009933371122565919, "data_time": 0.00384218692779541, "loss": 0.2935207895934582, "decode.loss_ce": 0.20783348698168994, "decode.acc_seg": 92.864990234375, "aux.loss_ce": 0.08568730074912309, "aux.acc_seg": 92.864990234375, "time": 0.06747572422027588, "step": 300}
{"lr": 0.009911076035273796, "data_time": 0.003045654296875, "loss": 0.16887883916497232, "decode.loss_ce": 0.1194455787539482, "decode.acc_seg": 100.0, "aux.loss_ce": 0.049433260783553125, "aux.acc_seg": 100.0, "time": 0.06566073894500732, "step": 400}
{"aAcc": 97.79, "mIoU": 49.71, "mAcc": 50.79, "step": 400}
{"lr": 0.0098887753171919, "data_time": 0.0030806779861450194, "loss": 0.23928537424653767, "decode.loss_ce": 0.17285459190607072, "decode.acc_seg": 100.0, "aux.loss_ce": 0.06643078392371535, "aux.acc_seg": 100.0, "time": 0.06622910499572754, "step": 500}
{"lr": 0.009866468952637547, "data_time": 0.0034756183624267576, "loss": 0.15391086488962175, "decode.loss_ce": 0.11247448418289423, "decode.acc_seg": 100.0, "aux.loss_ce": 0.041436379915103315, "aux.acc_seg": 100.0, "time": 0.06681835651397705, "step": 600}
{"lr": 0.009844156925844432, "data_time": 0.0035587549209594727, "loss": 0.13741761557757853, "decode.loss_ce": 0.0957399282604456, "decode.acc_seg": 96.7376708984375, "aux.loss_ce": 0.041677689226344225, "aux.acc_seg": 96.7376708984375, "time": 0.0667379379272461, "step": 700}
{"lr": 0.009821839220962003, "data_time": 0.0038672447204589843, "loss": 0.172335409745574, "decode.loss_ce": 0.1259242083877325, "decode.acc_seg": 96.588134765625, "aux.loss_ce": 0.04641120103187859, "aux.acc_seg": 96.588134765625, "time": 0.06727261543273926, "step": 800}
{"aAcc": 98.23, "mIoU": 49.11, "mAcc": 50.0, "step": 800}
{"lr": 0.009799515822054777, "data_time": 0.002846074104309082, "loss": 0.11421749424189329, "decode.loss_ce": 0.08030846938490868, "decode.acc_seg": 100.0, "aux.loss_ce": 0.033909022249281405, "aux.acc_seg": 100.0, "time": 0.06611149311065674, "step": 900}
{"lr": 0.00977718671310168, "data_time": 0.0033913850784301758, "loss": 0.10634109675884247, "decode.loss_ce": 0.0770835442468524, "decode.acc_seg": 93.505859375, "aux.loss_ce": 0.02925755186006427, "aux.acc_seg": 93.505859375, "time": 0.06659402847290039, "step": 1000}
{"lr": 0.009754851877995354, "data_time": 0.003032875061035156, "loss": 0.15694832019507884, "decode.loss_ce": 0.11501819603145122, "decode.acc_seg": 100.0, "aux.loss_ce": 0.041930122300982475, "aux.acc_seg": 100.0, "time": 0.06631739139556884, "step": 1100}
{"lr": 0.009732511300541468, "data_time": 0.003423047065734863, "loss": 0.16370731592178345, "decode.loss_ce": 0.11860504113137722, "decode.acc_seg": 100.0, "aux.loss_ce": 0.045102271158248185, "aux.acc_seg": 100.0, "time": 0.06685483455657959, "step": 1200}
{"aAcc": 98.23, "mIoU": 49.11, "mAcc": 50.0, "step": 1200}
